0, 1.#INF
0.0003, 861.873
0.0006, 430.937
0.0009, 287.291
0.0012, 215.468
0.0015, 167.715
0.0018, 139.763
0.0021, 119.797
0.0024, 104.822
0.0027, 93.1752
0.003, 83.8577
0.0033, 76.2342
0.0036, 69.8814
0.0039, 64.5059
0.0042, 59.8983
0.0045, 55.9051
0.0048, 52.411
0.0051, 49.328
0.0054, 46.2943
0.0057, 43.8577
0.006, 41.6648
0.0063, 39.6808
0.0066, 37.8771
0.0069, 36.2303
0.0072, 34.7207
0.0075, 33.3319
0.0078, 32.0499
0.0081, 30.8628
0.0084, 29.7606
0.0087, 29.348
0.009, 28.3698
0.0093, 27.4546
0.0096, 26.5967
0.0099, 25.7907
0.0102, 25.0322
0.0105, 24.317
0.0108, 23.6415
0.0111, 23.0025
0.0114, 22.3972
0.0117, 21.8229
0.012, 21.2773
0.0123, 20.5422
0.0126, 20.0531
0.0129, 19.5867
0.0132, 19.1416
0.0135, 18.7162
0.0138, 18.3093
0.0141, 17.9198
0.0144, 17.5465
0.0147, 17.1884
0.015, 16.8446
0.0153, 16.5143
0.0156, 16.1967
0.0159, 15.5484
0.0162, 15.2605
0.0165, 14.983
0.0168, 14.7155
0.0171, 14.4573
0.0174, 14.208
0.0177, 13.9672
0.018, 13.7344
0.0183, 13.5093
0.0186, 13.2914
0.0189, 13.0804
0.0192, 12.876
0.0195, 13.0215
0.0198, 12.8242
0.0201, 12.6328
0.0204, 12.447
0.0207, 12.2666
0.021, 12.0914
0.0213, 11.9211
0.0216, 11.7555
0.0219, 11.5945
0.0222, 11.4378
0.0225, 11.2853
0.0228, 11.1368
0.0231, 10.7676
0.0234, 10.6296
0.0237, 10.495
0.024, 10.3638
0.0243, 10.2359
0.0246, 10.1111
0.0249, 9.98924
0.0252, 9.87032
0.0255, 9.7542
0.0258, 9.64078
0.0261, 9.52996
0.0264, 9.42167
0.0267, 8.46996
0.027, 8.37585
0.0273, 8.28381
0.0276, 8.19377
0.0279, 8.10566
0.0282, 8.01943
0.0285, 7.93502
0.0288, 7.85236
0.0291, 7.77141
0.0294, 7.69211
0.0297, 7.61441
0.03, 7.53827
0.0303, 8.07479
0.0306, 7.99562
0.0309, 7.91799
0.0312, 7.84186
0.0315, 7.76717
0.0318, 7.6939
0.0321, 7.62199
0.0324, 7.55142
0.0327, 7.48214
0.033, 7.41412
0.0333, 7.34733
0.0336, 7.28173
0.0339, 7.5054
0.0342, 7.43956
0.0345, 7.37487
0.0348, 7.31129
0.0351, 7.2488
0.0354, 7.18737
0.0357, 7.12697
0.036, 7.06758
0.0363, 7.00917
0.0366, 6.95172
0.0369, 6.8952
0.0372, 6.8396
0.0375, 6.73405
0.0378, 6.68061
0.0381, 6.62801
0.0384, 6.57622
0.0387, 6.52525
0.039, 6.47505
0.0393, 6.42562
0.0396, 6.37694
0.0399, 6.329
0.0402, 6.28177
0.0405, 6.23523
0.0408, 6.18939
0.0411, 6.04839
0.0414, 6.00457
0.0417, 5.96137
0.042, 5.91879
0.0423, 5.87681
0.0426, 5.83542
0.0429, 5.79462
0.0432, 5.75437
0.0435, 5.71469
0.0438, 5.67555
0.0441, 5.63694
0.0444, 5.59885
0.0447, 5.46324
0.045, 5.42682
0.0453, 5.39088
0.0456, 5.35542
0.0459, 5.32041
0.0462, 5.28587
0.0465, 5.25176
0.0468, 5.2181
0.0471, 5.18486
0.0474, 5.15205
0.0477, 5.11964
0.048, 5.08765
0.0483, 4.96261
0.0486, 4.93198
0.0489, 4.90172
0.0492, 4.87183
0.0495, 4.8423
0.0498, 4.81313
0.0501, 4.78431
0.0504, 4.75583
0.0507, 4.72769
0.051, 4.69988
0.0513, 4.6724
0.0516, 4.64523
0.0519, 4.92578
0.0522, 4.89747
0.0525, 4.86949
0.0528, 4.84182
0.0531, 4.81446
0.0534, 4.78742
0.0537, 4.76067
0.054, 4.73422
0.0543, 4.70807
0.0546, 4.6822
0.0549, 4.65661
0.0552, 4.6313
0.0555, 4.54227
0.0558, 4.51785
0.0561, 4.49369
0.0564, 4.46979
0.0567, 4.44614
0.057, 4.42274
0.0573, 4.39958
0.0576, 4.37667
0.0579, 4.35399
0.0582, 4.33155
0.0585, 4.30933
0.0588, 4.28735
0.0591, 4.1233
0.0594, 4.10247
0.0597, 4.08186
0.06, 4.06145
0.0603, 4.04124
0.0606, 4.02124
0.0609, 4.00143
0.0612, 3.98181
0.0615, 3.96239
0.0618, 3.94316
0.0621, 3.92411
0.0624, 3.90524
0.0627, 3.92461
0.063, 3.90592
0.0633, 3.88741
0.0636, 3.86907
0.0639, 3.85091
0.0642, 3.83291
0.0645, 3.81509
0.0648, 3.79742
0.0651, 3.77992
0.0654, 3.76258
0.0657, 3.7454
0.066, 3.72924
0.0663, 3.71237
0.0666, 3.69565
0.0669, 3.67907
0.0672, 3.66265
0.0675, 3.64637
0.0678, 3.63024
0.0681, 3.61424
0.0684, 3.59839
0.0687, 3.58268
0.069, 3.5671
0.0693, 3.55166
0.0696, 3.55389
0.0699, 3.53864
0.0702, 3.52352
0.0705, 3.50852
0.0708, 3.49366
0.0711, 3.47892
0.0714, 3.4643
0.0717, 3.4498
0.072, 3.43543
0.0723, 3.42118
0.0726, 3.40704
0.0729, 3.39302
0.0732, 3.51768
0.0735, 3.50332
0.0738, 3.48908
0.0741, 3.47495
0.0744, 3.46094
0.0747, 3.44704
0.075, 3.43325
0.0753, 3.41958
0.0756, 3.40601
0.0759, 3.39254
0.0762, 3.37919
0.0765, 3.36593
0.0768, 3.30029
0.0771, 3.28744
0.0774, 3.2747
0.0777, 3.26206
0.078, 3.24951
0.0783, 3.23706
0.0786, 3.22471
0.0789, 3.21245
0.0792, 3.20028
0.0795, 3.1882
0.0798, 3.17622
0.0801, 3.16432
0.0804, 3.15596
0.0807, 3.14423
0.081, 3.13258
0.0813, 3.12102
0.0816, 3.10955
0.0819, 3.09816
0.0822, 3.08685
0.0825, 3.07562
0.0828, 3.06448
0.0831, 3.05342
0.0834, 3.04243
0.0837, 3.03153
0.084, 2.91049
0.0843, 2.90013
0.0846, 2.88985
0.0849, 2.87963
0.0852, 2.8695
0.0855, 2.85943
0.0858, 2.84943
0.0861, 2.8395
0.0864, 2.82964
0.0867, 2.81985
0.087, 2.81013
0.0873, 2.80047
0.0876, 2.91462
0.0879, 2.90468
0.0882, 2.8948
0.0885, 2.88498
0.0888, 2.87524
0.0891, 2.86556
0.0894, 2.85594
0.0897, 2.84639
0.09, 2.8369
0.0903, 2.82748
0.0906, 2.81811
0.0909, 2.7777
0.0912, 2.76856
0.0915, 2.75949
0.0918, 2.75047
0.0921, 2.74151
0.0924, 2.73261
0.0927, 2.72376
0.093, 2.71498
0.0933, 2.70625
0.0936, 2.69757
0.0939, 2.68896
0.0942, 2.68039
0.0945, 2.6241
0.0948, 2.61579
0.0951, 2.60754
0.0954, 2.59934
0.0957, 2.59119
0.096, 2.58309
0.0963, 2.57505
0.0966, 2.56705
0.0969, 2.5591
0.0972, 2.5512
0.0975, 2.54335
0.0978, 2.53555
0.0981, 2.52597
0.0984, 2.51827
0.0987, 2.51062
0.099, 2.50301
0.0993, 2.49545
0.0996, 2.48793
0.0999, 2.48046
0.1002, 2.47303
0.1005, 2.46565
0.1008, 2.45831
0.1011, 2.45102
0.1014, 2.44377
0.1017, 2.51346
0.102, 2.50607
0.1023, 2.49872
0.1026, 2.49141
0.1029, 2.48415
0.1032, 2.47693
0.1035, 2.46975
0.1038, 2.46261
0.1041, 2.45551
0.1044, 2.44846
0.1047, 2.44144
0.105, 2.43447
0.1053, 2.32656
0.1056, 2.31995
0.1059, 2.31338
0.1062, 2.30685
0.1065, 2.30035
0.1068, 2.29389
0.1071, 2.28746
0.1074, 2.28107
0.1077, 2.27472
0.108, 2.2684
0.1083, 2.26211
0.1086, 2.25587
0.1089, 2.1855
0.1092, 2.1795
0.1095, 2.17353
0.1098, 2.16759
0.1101, 2.16168
0.1104, 2.15581
0.1107, 2.14996
0.111, 2.14415
0.1113, 2.13837
0.1116, 2.13263
0.1119, 2.12691
0.1122, 2.12122
0.1125, 2.21992
0.1128, 2.21402
0.1131, 2.20814
0.1134, 2.2023
0.1137, 2.19649
0.114, 2.19071
0.1143, 2.18496
0.1146, 2.17924
0.1149, 2.17355
0.1152, 2.16789
0.1155, 2.16226
0.1158, 2.15666
0.1161, 2.14047
0.1164, 2.13496
0.1167, 2.12947
0.117, 2.12401
0.1173, 2.11858
0.1176, 2.11317
0.1179, 2.10779
0.1182, 2.10245
0.1185, 2.09712
0.1188, 2.09183
0.1191, 2.08656
0.1194, 2.08131
0.1197, 2.12419
0.12, 2.11888
0.1203, 2.11359
0.1206, 2.10833
0.1209, 2.1031
0.1212, 2.0979
0.1215, 2.09272
0.1218, 2.08756
0.1221, 2.08243
0.1224, 2.07733
0.1227, 2.07225
0.123, 1.9757
0.1233, 1.97089
0.1236, 1.96611
0.1239, 1.96135
0.1242, 1.95661
0.1245, 1.9519
0.1248, 1.9472
0.1251, 1.94253
0.1254, 1.93789
0.1257, 1.93326
0.126, 1.92866
0.1263, 1.92408
0.1266, 1.91952
0.1269, 1.9727
0.1272, 1.96804
0.1275, 1.96341
0.1278, 1.9588
0.1281, 1.95422
0.1284, 1.94965
0.1287, 1.9451
0.129, 1.94058
0.1293, 1.93608
0.1296, 1.9316
0.1299, 1.92714
0.1302, 1.97971
0.1305, 1.97516
0.1308, 1.97063
0.1311, 1.96612
0.1314, 1.96163
0.1317, 1.95716
0.132, 1.95271
0.1323, 1.94828
0.1326, 1.94388
0.1329, 1.93949
0.1332, 1.93512
0.1335, 1.93077
0.1338, 1.89434
0.1341, 1.8901
0.1344, 1.88589
0.1347, 1.88169
0.135, 1.8775
0.1353, 1.87334
0.1356, 1.8692
0.1359, 1.86507
0.1362, 1.86096
0.1365, 1.85687
0.1368, 1.8528
0.1371, 1.84875
0.1374, 1.72916
0.1377, 1.72539
0.138, 1.72164
0.1383, 1.7179
0.1386, 1.71418
0.1389, 1.71048
0.1392, 1.7068
0.1395, 1.70313
0.1398, 1.69947
0.1401, 1.69583
0.1404, 1.69221
0.1407, 1.6886
0.141, 1.72678
0.1413, 1.72311
0.1416, 1.71946
0.1419, 1.71583
0.1422, 1.71221
0.1425, 1.7086
0.1428, 1.70501
0.1431, 1.70144
0.1434, 1.69788
0.1437, 1.69434
0.144, 1.69081
0.1443, 1.68729
0.1446, 1.77124
0.1449, 1.76758
0.1452, 1.76393
0.1455, 1.76029
0.1458, 1.75667
0.1461, 1.75306
0.1464, 1.74947
0.1467, 1.74589
0.147, 1.74233
0.1473, 1.73878
0.1476, 1.73524
0.1479, 1.67025
0.1482, 1.66687
0.1485, 1.6635
0.1488, 1.66015
0.1491, 1.65681
0.1494, 1.65348
0.1497, 1.65017
0.15, 1.64687
0.1503, 1.64358
0.1506, 1.64031
0.1509, 1.63704
0.1512, 1.6338
0.1515, 1.62105
0.1518, 1.61785
0.1521, 1.61465
0.1524, 1.61148
0.1527, 1.60831
0.153, 1.60516
0.1533, 1.60202
0.1536, 1.59889
0.1539, 1.59577
0.1542, 1.59267
0.1545, 1.58957
0.1548, 1.58649
0.1551, 1.52438
0.1554, 1.52144
0.1557, 1.51851
0.156, 1.51559
0.1563, 1.51268
0.1566, 1.50978
0.1569, 1.5069
0.1572, 1.50402
0.1575, 1.50116
0.1578, 1.4983
0.1581, 1.49546
0.1584, 1.49263
0.1587, 1.51854
0.159, 1.51567
0.1593, 1.51282
0.1596, 1.50997
0.1599, 1.50714
0.1602, 1.50432
0.1605, 1.50151
0.1608, 1.49871
0.1611, 1.49592
0.1614, 1.49314
0.1617, 1.49036
0.162, 1.4876
0.1623, 1.51387
0.1626, 1.51108
0.1629, 1.50829
0.1632, 1.50552
0.1635, 1.50276
0.1638, 1.50001
0.1641, 1.49726
0.1644, 1.49453
0.1647, 1.49181
0.165, 1.4891
0.1653, 1.48639
0.1656, 1.4837
0.1659, 1.47752
0.1662, 1.47485
0.1665, 1.47219
0.1668, 1.46954
0.1671, 1.46691
0.1674, 1.46428
0.1677, 1.46166
0.168, 1.45905
0.1683, 1.45645
0.1686, 1.45386
0.1689, 1.45127
0.1692, 1.4487
0.1695, 1.43739
0.1698, 1.43485
0.1701, 1.43232
0.1704, 1.42979
0.1707, 1.42728
0.171, 1.42478
0.1713, 1.42228
0.1716, 1.4198
0.1719, 1.41732
0.1722, 1.41485
0.1725, 1.41239
0.1728, 1.4583
0.1731, 1.45578
0.1734, 1.45326
0.1737, 1.45075
0.174, 1.44825
0.1743, 1.44575
0.1746, 1.44327
0.1749, 1.44079
0.1752, 1.43833
0.1755, 1.43587
0.1758, 1.43342
0.1761, 1.43098
0.1764, 1.39706
0.1767, 1.39469
0.177, 1.39232
0.1773, 1.38997
0.1776, 1.38762
0.1779, 1.38528
0.1782, 1.38295
0.1785, 1.38062
0.1788, 1.37831
0.1791, 1.376
0.1794, 1.3737
0.1797, 1.3714
0.18, 1.33107
0.1803, 1.32885
0.1806, 1.32664
0.1809, 1.32444
0.1812, 1.32225
0.1815, 1.32007
0.1818, 1.31789
0.1821, 1.31572
0.1824, 1.31355
0.1827, 1.3114
0.183, 1.30925
0.1833, 1.3071
0.1836, 1.39321
0.1839, 1.39094
0.1842, 1.38868
0.1845, 1.38642
0.1848, 1.38417
0.1851, 1.38192
0.1854, 1.37969
0.1857, 1.37746
0.186, 1.37524
0.1863, 1.37302
0.1866, 1.37081
0.1869, 1.36861
0.1872, 1.26092
0.1875, 1.25891
0.1878, 1.2569
0.1881, 1.25489
0.1884, 1.25289
0.1887, 1.2509
0.189, 1.24892
0.1893, 1.24694
0.1896, 1.24496
0.1899, 1.243
0.1902, 1.24104
0.1905, 1.23908
0.1908, 1.32212
0.1911, 1.32004
0.1914, 1.31797
0.1917, 1.31591
0.192, 1.31385
0.1923, 1.3118
0.1926, 1.30976
0.1929, 1.30772
0.1932, 1.30569
0.1935, 1.30367
0.1938, 1.30165
0.1941, 1.29964
0.1944, 1.27391
0.1947, 1.27195
0.195, 1.26999
0.1953, 1.26804
0.1956, 1.2661
0.1959, 1.26416
0.1962, 1.26223
0.1965, 1.2603
0.1968, 1.25838
0.1971, 1.25646
0.1974, 1.25455
0.1977, 1.25265
0.198, 1.21229
0.1983, 1.21045
0.1986, 1.20863
0.1989, 1.2068
0.1992, 1.20498
0.1995, 1.20317
0.1998, 1.20137
0.2001, 1.19957
0.2004, 1.19777
0.2007, 1.19598
0.201, 1.19419
0.2013, 1.2128
0.2016, 1.21099
0.2019, 1.20919
0.2022, 1.2074
0.2025, 1.20561
0.2028, 1.20383
0.2031, 1.20205
0.2034, 1.20028
0.2037, 1.19851
0.204, 1.19675
0.2043, 1.19499
0.2046, 1.19324
0.2049, 1.2226
0.2052, 1.22081
0.2055, 1.21903
0.2058, 1.21725
0.2061, 1.21548
0.2064, 1.21372
0.2067, 1.21195
0.207, 1.2102
0.2073, 1.20845
0.2076, 1.2067
0.2079, 1.20496
0.2082, 1.20322
0.2085, 1.22714
0.2088, 1.22537
0.2091, 1.22362
0.2094, 1.22186
0.2097, 1.22011
0.21, 1.21837
0.2103, 1.21663
0.2106, 1.2149
0.2109, 1.21317
0.2112, 1.21145
0.2115, 1.20973
0.2118, 1.20802
0.2121, 1.12969
0.2124, 1.1281
0.2127, 1.12651
0.213, 1.12492
0.2133, 1.12334
0.2136, 1.12176
0.2139, 1.12019
0.2142, 1.11862
0.2145, 1.11705
0.2148, 1.11549
0.2151, 1.11394
0.2154, 1.11239
0.2157, 1.09903
0.216, 1.0975
0.2163, 1.09598
0.2166, 1.09446
0.2169, 1.09295
0.2172, 1.09144
0.2175, 1.08993
0.2178, 1.08843
0.2181, 1.08693
0.2184, 1.08544
0.2187, 1.08395
0.219, 1.08247
0.2193, 1.16616
0.2196, 1.16456
0.2199, 1.16297
0.2202, 1.16139
0.2205, 1.15981
0.2208, 1.15823
0.2211, 1.15666
0.2214, 1.15509
0.2217, 1.15353
0.222, 1.15197
0.2223, 1.15042
0.2226, 1.11748
0.2229, 1.11598
0.2232, 1.11448
0.2235, 1.11298
0.2238, 1.11149
0.2241, 1.11
0.2244, 1.10852
0.2247, 1.10704
0.225, 1.10556
0.2253, 1.10409
0.2256, 1.10262
0.2259, 1.10116
0.2262, 1.14573
0.2265, 1.14421
0.2268, 1.1427
0.2271, 1.14119
0.2274, 1.13968
0.2277, 1.13818
0.228, 1.13668
0.2283, 1.13519
0.2286, 1.1337
0.2289, 1.13221
0.2292, 1.13073
0.2295, 1.12925
0.2298, 1.10354
0.2301, 1.1021
0.2304, 1.10066
0.2307, 1.09923
0.231, 1.09781
0.2313, 1.09638
0.2316, 1.09496
0.2319, 1.09354
0.2322, 1.09213
0.2325, 1.09072
0.2328, 1.08932
0.2331, 1.08792
0.2334, 1.0993
0.2337, 1.09789
0.234, 1.09648
0.2343, 1.09508
0.2346, 1.09368
0.2349, 1.09228
0.2352, 1.09089
0.2355, 1.0895
0.2358, 1.08811
0.2361, 1.08673
0.2364, 1.08535
0.2367, 1.08398
0.237, 1.05239
0.2373, 1.05106
0.2376, 1.04973
0.2379, 1.04841
0.2382, 1.04709
0.2385, 1.04577
0.2388, 1.04446
0.2391, 1.04315
0.2394, 1.04184
0.2397, 1.04054
0.24, 1.03924
0.2403, 1.03794
0.2406, 1.00607
0.2409, 1.00482
0.2412, 1.00357
0.2415, 1.00232
0.2418, 1.00108
0.2421, 0.999839
0.2424, 0.998601
0.2427, 0.997367
0.243, 0.996136
0.2433, 0.994908
0.2436, 0.993682
0.2439, 0.99246
0.2442, 1.00875
0.2445, 1.00751
0.2448, 1.00628
0.2451, 1.00505
0.2454, 1.00382
0.2457, 1.00259
0.246, 1.00137
0.2463, 1.00015
0.2466, 0.998933
0.2469, 0.99772
0.2472, 0.996509
0.2475, 0.999285
0.2478, 0.998075
0.2481, 0.996868
0.2484, 0.995664
0.2487, 0.994463
0.249, 0.993265
0.2493, 0.99207
0.2496, 0.990877
0.2499, 0.989688
0.2502, 0.988501
0.2505, 0.987317
0.2508, 0.986136
0.2511, 0.94497
0.2514, 0.943842
0.2517, 0.942718
0.252, 0.941595
0.2523, 0.940476
0.2526, 0.939359
0.2529, 0.938244
0.2532, 0.937133
0.2535, 0.936024
0.2538, 0.934917
0.2541, 0.933813
0.2544, 0.932712
0.2547, 0.977852
0.255, 0.976702
0.2553, 0.975554
0.2556, 0.974409
0.2559, 0.973267
0.2562, 0.972127
0.2565, 0.97099
0.2568, 0.969856
0.2571, 0.968724
0.2574, 0.967595
0.2577, 0.966469
0.258, 0.965345
0.2583, 0.947991
0.2586, 0.946891
0.2589, 0.945794
0.2592, 0.944699
0.2595, 0.943607
0.2598, 0.942517
0.2601, 0.94143
0.2604, 0.940346
0.2607, 0.939264
0.261, 0.938184
0.2613, 0.937107
0.2616, 0.936032
0.2619, 0.931955
0.2622, 0.930889
0.2625, 0.929825
0.2628, 0.928763
0.2631, 0.927704
0.2634, 0.926648
0.2637, 0.925593
0.264, 0.924542
0.2643, 0.923492
0.2646, 0.922445
0.2649, 0.921401
0.2652, 0.920358
0.2655, 0.940972
0.2658, 0.93991
0.2661, 0.93885
0.2664, 0.937793
0.2667, 0.936738
0.267, 0.935685
0.2673, 0.934635
0.2676, 0.933587
0.2679, 0.932542
0.2682, 0.931499
0.2685, 0.930458
0.2688, 0.94923
0.2691, 0.948172
0.2694, 0.947116
0.2697, 0.946062
0.27, 0.945011
0.2703, 0.943962
0.2706, 0.942916
0.2709, 0.941872
0.2712, 0.94083
0.2715, 0.93979
0.2718, 0.938753
0.2721, 0.937718
0.2724, 0.871498
0.2727, 0.870539
0.273, 0.869582
0.2733, 0.868628
0.2736, 0.867675
0.2739, 0.866725
0.2742, 0.865777
0.2745, 0.864831
0.2748, 0.863886
0.2751, 0.862944
0.2754, 0.862004
0.2757, 0.861066
0.276, 0.910572
0.2763, 0.909584
0.2766, 0.908597
0.2769, 0.907613
0.2772, 0.906631
0.2775, 0.90565
0.2778, 0.904672
0.2781, 0.903697
0.2784, 0.902723
0.2787, 0.901751
0.279, 0.900781
0.2793, 0.899814
0.2796, 0.901692
0.2799, 0.900725
0.2802, 0.899761
0.2805, 0.898799
0.2808, 0.897838
0.2811, 0.89688
0.2814, 0.895924
0.2817, 0.89497
0.282, 0.894018
0.2823, 0.893068
0.2826, 0.89212
0.2829, 0.891174
0.2832, 0.89596
0.2835, 0.895012
0.2838, 0.894066
0.2841, 0.893122
0.2844, 0.89218
0.2847, 0.89124
0.285, 0.890302
0.2853, 0.889366
0.2856, 0.888431
0.2859, 0.887499
0.2862, 0.886569
0.2865, 0.876195
0.2868, 0.875279
0.2871, 0.874364
0.2874, 0.873452
0.2877, 0.872541
0.288, 0.871632
0.2883, 0.870725
0.2886, 0.86982
0.2889, 0.868917
0.2892, 0.868015
0.2895, 0.867116
0.2898, 0.866218
0.2901, 0.859752
0.2904, 0.858864
0.2907, 0.857977
0.291, 0.857093
0.2913, 0.85621
0.2916, 0.855329
0.2919, 0.85445
0.2922, 0.853573
0.2925, 0.852697
0.2928, 0.851824
0.2931, 0.850952
0.2934, 0.850082
0.2937, 0.851771
0.294, 0.850901
0.2943, 0.850034
0.2946, 0.849168
0.2949, 0.848305
0.2952, 0.847442
0.2955, 0.846582
0.2958, 0.845723
0.2961, 0.844867
0.2964, 0.844011
0.2967, 0.843158
0.297, 0.842306
0.2973, 0.858624
0.2976, 0.857759
0.2979, 0.856895
0.2982, 0.856033
0.2985, 0.855173
0.2988, 0.854314
0.2991, 0.853457
0.2994, 0.852602
0.2997, 0.851748
0.3, 0.850897
0.3003, 0.850047
0.3006, 0.817798
0.3009, 0.816982
0.3012, 0.816169
0.3015, 0.815357
0.3018, 0.814546
0.3021, 0.813737
0.3024, 0.81293
0.3027, 0.812124
0.303, 0.81132
0.3033, 0.810518
0.3036, 0.809717
0.3039, 0.808917
0.3042, 0.83213
0.3045, 0.83131
0.3048, 0.830492
0.3051, 0.829676
0.3054, 0.828861
0.3057, 0.828047
0.306, 0.827235
0.3063, 0.826425
0.3066, 0.825616
0.3069, 0.824809
0.3072, 0.824004
0.3075, 0.8232
0.3078, 0.830971
0.3081, 0.830162
0.3084, 0.829355
0.3087, 0.828549
0.309, 0.827744
0.3093, 0.826941
0.3096, 0.82614
0.3099, 0.82534
0.3102, 0.824542
0.3105, 0.823746
0.3108, 0.82295
0.3111, 0.751929
0.3114, 0.751204
0.3117, 0.750481
0.312, 0.74976
0.3123, 0.749039
0.3126, 0.748321
0.3129, 0.747603
0.3132, 0.746887
0.3135, 0.746172
0.3138, 0.745459
0.3141, 0.744747
0.3144, 0.744036
0.3147, 0.774455
0.315, 0.773717
0.3153, 0.772981
0.3156, 0.772247
0.3159, 0.771513
0.3162, 0.770781
0.3165, 0.770051
0.3168, 0.769321
0.3171, 0.768594
0.3174, 0.767867
0.3177, 0.767142
0.318, 0.766418
0.3183, 0.807622
0.3186, 0.806861
0.3189, 0.806102
0.3192, 0.805345
0.3195, 0.804588
0.3198, 0.803834
0.3201, 0.80308
0.3204, 0.802328
0.3207, 0.801578
0.321, 0.800829
0.3213, 0.800081
0.3216, 0.799335
0.3219, 0.748891
0.3222, 0.748194
0.3225, 0.747498
0.3228, 0.746803
0.3231, 0.74611
0.3234, 0.745417
0.3237, 0.744727
0.324, 0.744037
0.3243, 0.743349
0.3246, 0.742662
0.3249, 0.741976
0.3252, 0.741292
0.3255, 0.749966
0.3258, 0.749276
0.3261, 0.748586
0.3264, 0.747898
0.3267, 0.747212
0.327, 0.746526
0.3273, 0.745842
0.3276, 0.745159
0.3279, 0.744477
0.3282, 0.743796
0.3285, 0.743117
0.3288, 0.742439
0.3291, 0.730635
0.3294, 0.72997
0.3297, 0.729305
0.33, 0.728642
0.3303, 0.727981
0.3306, 0.72732
0.3309, 0.726661
0.3312, 0.726002
0.3315, 0.725345
0.3318, 0.72469
0.3321, 0.724035
0.3324, 0.723381
0.3327, 0.733321
0.333, 0.732661
0.3333, 0.732001
0.3336, 0.731343
0.3339, 0.730686
0.3342, 0.73003
0.3345, 0.729375
0.3348, 0.728722
0.3351, 0.728069
0.3354, 0.727418
0.3357, 0.726768
0.336, 0.759128
0.3363, 0.758451
0.3366, 0.757775
0.3369, 0.7571
0.3372, 0.756426
0.3375, 0.755754
0.3378, 0.755083
0.3381, 0.754413
0.3384, 0.753744
0.3387, 0.753076
0.339, 0.75241
0.3393, 0.751745
0.3396, 0.747173
0.3399, 0.746514
0.3402, 0.745855
0.3405, 0.745198
0.3408, 0.744542
0.3411, 0.743887
0.3414, 0.743234
0.3417, 0.742581
0.342, 0.74193
0.3423, 0.74128
0.3426, 0.74063
0.3429, 0.739983
0.3432, 0.701658
0.3435, 0.701045
0.3438, 0.700433
0.3441, 0.699823
0.3444, 0.699213
0.3447, 0.698605
0.345, 0.697997
0.3453, 0.697391
0.3456, 0.696785
0.3459, 0.696181
0.3462, 0.695578
0.3465, 0.694975
0.3468, 0.729596
0.3471, 0.728966
0.3474, 0.728336
0.3477, 0.727708
0.348, 0.72708
0.3483, 0.726454
0.3486, 0.725829
0.3489, 0.725205
0.3492, 0.724582
0.3495, 0.72396
0.3498, 0.723339
0.3501, 0.722719
0.3504, 0.708265
0.3507, 0.707659
0.351, 0.707054
0.3513, 0.70645
0.3516, 0.705848
0.3519, 0.705246
0.3522, 0.704645
0.3525, 0.704045
0.3528, 0.703447
0.3531, 0.702849
0.3534, 0.702252
0.3537, 0.701657
0.354, 0.694754
0.3543, 0.694166
0.3546, 0.693579
0.3549, 0.692992
0.3552, 0.692407
0.3555, 0.691823
0.3558, 0.691239
0.3561, 0.690657
0.3564, 0.690076
0.3567, 0.689495
0.357, 0.688916
0.3573, 0.695144
0.3576, 0.694561
0.3579, 0.693979
0.3582, 0.693398
0.3585, 0.692817
0.3588, 0.692238
0.3591, 0.69166
0.3594, 0.691082
0.3597, 0.690506
0.36, 0.689931
0.3603, 0.689356
0.3606, 0.688783
0.3609, 0.685777
0.3612, 0.685208
0.3615, 0.684639
0.3618, 0.684071
0.3621, 0.683505
0.3624, 0.682939
0.3627, 0.682374
0.363, 0.68181
0.3633, 0.681247
0.3636, 0.680685
0.3639, 0.680124
0.3642, 0.679563
0.3645, 0.709866
0.3648, 0.709282
0.3651, 0.708699
0.3654, 0.708117
0.3657, 0.707536
0.366, 0.706956
0.3663, 0.706377
0.3666, 0.705799
0.3669, 0.705222
0.3672, 0.704646
0.3675, 0.704071
0.3678, 0.703496
0.3681, 0.638147
0.3684, 0.637628
0.3687, 0.637109
0.369, 0.636591
0.3693, 0.636074
0.3696, 0.635557
0.3699, 0.635042
0.3702, 0.634527
0.3705, 0.634013
0.3708, 0.633501
0.3711, 0.632988
0.3714, 0.632477
0.3717, 0.690404
0.372, 0.689847
0.3723, 0.689291
0.3726, 0.688736
0.3729, 0.688182
0.3732, 0.687629
0.3735, 0.687076
0.3738, 0.686525
0.3741, 0.685974
0.3744, 0.685425
0.3747, 0.684876
0.375, 0.675443
0.3753, 0.674903
0.3756, 0.674364
0.3759, 0.673825
0.3762, 0.673288
0.3765, 0.672752
0.3768, 0.672216
0.3771, 0.671681
0.3774, 0.671147
0.3777, 0.670614
0.378, 0.670082
0.3783, 0.669551
0.3786, 0.661685
0.3789, 0.661161
0.3792, 0.660638
0.3795, 0.660116
0.3798, 0.659595
0.3801, 0.659074
0.3804, 0.658554
0.3807, 0.658035
0.381, 0.657517
0.3813, 0.657
0.3816, 0.656483
0.3819, 0.655968
0.3822, 0.632635
0.3825, 0.632139
0.3828, 0.631643
0.3831, 0.631149
0.3834, 0.630655
0.3837, 0.630162
0.384, 0.629669
0.3843, 0.629178
0.3846, 0.628687
0.3849, 0.628197
0.3852, 0.627708
0.3855, 0.643268
0.3858, 0.642768
0.3861, 0.642269
0.3864, 0.64177
0.3867, 0.641272
0.387, 0.640775
0.3873, 0.640279
0.3876, 0.639783
0.3879, 0.639288
0.3882, 0.638794
0.3885, 0.638301
0.3888, 0.637809
0.3891, 0.65292
0.3894, 0.652417
0.3897, 0.651914
0.39, 0.651413
0.3903, 0.650912
0.3906, 0.650412
0.3909, 0.649913
0.3912, 0.649415
0.3915, 0.648917
0.3918, 0.64842
0.3921, 0.647924
0.3924, 0.647429
0.3927, 0.631161
0.393, 0.630679
0.3933, 0.630198
0.3936, 0.629718
0.3939, 0.629238
0.3942, 0.62876
0.3945, 0.628281
0.3948, 0.627804
0.3951, 0.627327
0.3954, 0.626851
0.3957, 0.626376
0.396, 0.625902
0.3963, 0.61725
0.3966, 0.616783
0.3969, 0.616316
0.3972, 0.615851
0.3975, 0.615386
0.3978, 0.614922
0.3981, 0.614459
0.3984, 0.613996
0.3987, 0.613534
0.399, 0.613073
0.3993, 0.612612
0.3996, 0.612152
0.3999, 0.630293
0.4002, 0.62982
0.4005, 0.629348
0.4008, 0.628877
0.4011, 0.628407
0.4014, 0.627937
0.4017, 0.627468
0.402, 0.627
0.4023, 0.626532
0.4026, 0.626066
0.4029, 0.625599
0.4032, 0.632899
0.4035, 0.632429
0.4038, 0.631959
0.4041, 0.63149
0.4044, 0.631021
0.4047, 0.630553
0.405, 0.630086
0.4053, 0.62962
0.4056, 0.629154
0.4059, 0.628689
0.4062, 0.628225
0.4065, 0.627761
0.4068, 0.594594
0.4071, 0.594156
0.4074, 0.593719
0.4077, 0.593282
0.408, 0.592846
0.4083, 0.59241
0.4086, 0.591975
0.4089, 0.591541
0.4092, 0.591107
0.4095, 0.590674
0.4098, 0.590242
0.4101, 0.58981
0.4104, 0.585816
0.4107, 0.585388
0.411, 0.584961
0.4113, 0.584534
0.4116, 0.584108
0.4119, 0.583683
0.4122, 0.583258
0.4125, 0.582834
0.4128, 0.58241
0.4131, 0.581987
0.4134, 0.581565
0.4137, 0.581143
0.414, 0.578969
0.4143, 0.578549
0.4146, 0.578131
0.4149, 0.577713
0.4152, 0.577295
0.4155, 0.576878
0.4158, 0.576462
0.4161, 0.576047
0.4164, 0.575632
0.4167, 0.575217
0.417, 0.574803
0.4173, 0.57439
0.4176, 0.61567
0.4179, 0.615229
0.4182, 0.614787
0.4185, 0.614346
0.4188, 0.613906
0.4191, 0.613467
0.4194, 0.613028
0.4197, 0.61259
0.42, 0.612152
0.4203, 0.611715
0.4206, 0.611279
0.4209, 0.578432
0.4212, 0.57802
0.4215, 0.577609
0.4218, 0.577198
0.4221, 0.576787
0.4224, 0.576378
0.4227, 0.575969
0.423, 0.57556
0.4233, 0.575152
0.4236, 0.574745
0.4239, 0.574338
0.4242, 0.573932
0.4245, 0.56662
0.4248, 0.566219
0.4251, 0.56582
0.4254, 0.565421
0.4257, 0.565022
0.426, 0.564624
0.4263, 0.564227
0.4266, 0.56383
0.4269, 0.563434
0.4272, 0.563038
0.4275, 0.562643
0.4278, 0.562249
0.4281, 0.560371
0.4284, 0.559979
0.4287, 0.559587
0.429, 0.559196
0.4293, 0.558805
0.4296, 0.558415
0.4299, 0.558025
0.4302, 0.557636
0.4305, 0.557247
0.4308, 0.556859
0.4311, 0.556472
0.4314, 0.556085
0.4317, 0.571276
0.432, 0.57088
0.4323, 0.570483
0.4326, 0.570088
0.4329, 0.569693
0.4332, 0.569298
0.4335, 0.568904
0.4338, 0.568511
0.4341, 0.568118
0.4344, 0.567726
0.4347, 0.567334
0.435, 0.566943
0.4353, 0.578815
0.4356, 0.578416
0.4359, 0.578018
0.4362, 0.57762
0.4365, 0.577223
0.4368, 0.576827
0.4371, 0.576431
0.4374, 0.576036
0.4377, 0.575641
0.438, 0.575247
0.4383, 0.574853
0.4386, 0.57446
0.4389, 0.567006
0.4392, 0.566619
0.4395, 0.566232
0.4398, 0.565846
0.4401, 0.56546
0.4404, 0.565075
0.4407, 0.56469
0.441, 0.564306
0.4413, 0.563923
0.4416, 0.563539
0.4419, 0.563157
0.4422, 0.567022
0.4425, 0.566637
0.4428, 0.566253
0.4431, 0.56587
0.4434, 0.565487
0.4437, 0.565105
0.444, 0.564723
0.4443, 0.564342
0.4446, 0.563961
0.4449, 0.563581
0.4452, 0.563201
0.4455, 0.562822
0.4458, 0.55317
0.4461, 0.552798
0.4464, 0.552426
0.4467, 0.552055
0.447, 0.551685
0.4473, 0.551315
0.4476, 0.550945
0.4479, 0.550576
0.4482, 0.550207
0.4485, 0.549839
0.4488, 0.549472
0.4491, 0.549105
0.4494, 0.535076
0.4497, 0.534719
0.45, 0.534362
0.4503, 0.534006
0.4506, 0.533651
0.4509, 0.533296
0.4512, 0.532941
0.4515, 0.532587
0.4518, 0.532233
0.4521, 0.53188
0.4524, 0.531527
0.4527, 0.555909
0.453, 0.555541
0.4533, 0.555173
0.4536, 0.554806
0.4539, 0.554439
0.4542, 0.554073
0.4545, 0.553707
0.4548, 0.553342
0.4551, 0.552977
0.4554, 0.552613
0.4557, 0.552249
0.456, 0.54584
0.4563, 0.545481
0.4566, 0.545123
0.4569, 0.544765
0.4572, 0.544407
0.4575, 0.54405
0.4578, 0.543694
0.4581, 0.543338
0.4584, 0.542982
0.4587, 0.542627
0.459, 0.542272
0.4593, 0.541918
0.4596, 0.532998
0.4599, 0.532651
0.4602, 0.532303
0.4605, 0.531957
0.4608, 0.53161
0.4611, 0.531264
0.4614, 0.530919
0.4617, 0.530574
0.462, 0.530229
0.4623, 0.529885
0.4626, 0.529542
0.4629, 0.519499
0.4632, 0.519162
0.4635, 0.518826
0.4638, 0.518491
0.4641, 0.518156
0.4644, 0.517821
0.4647, 0.517487
0.465, 0.517153
0.4653, 0.516819
0.4656, 0.516486
0.4659, 0.516154
0.4662, 0.515822
0.4665, 0.538701
0.4668, 0.538355
0.4671, 0.538009
0.4674, 0.537664
0.4677, 0.537319
0.468, 0.536974
0.4683, 0.53663
0.4686, 0.536287
0.4689, 0.535944
0.4692, 0.535601
0.4695, 0.535259
0.4698, 0.528991
0.4701, 0.528653
0.4704, 0.528316
0.4707, 0.52798
0.471, 0.527643
0.4713, 0.527307
0.4716, 0.526972
0.4719, 0.526637
0.4722, 0.526302
0.4725, 0.525968
0.4728, 0.525635
0.4731, 0.525301
0.4734, 0.534899
0.4737, 0.53456
0.474, 0.534222
0.4743, 0.533884
0.4746, 0.533546
0.4749, 0.533209
0.4752, 0.532872
0.4755, 0.532536
0.4758, 0.532201
0.4761, 0.531865
0.4764, 0.53153
0.4767, 0.535276
0.477, 0.534939
0.4773, 0.534603
0.4776, 0.534267
0.4779, 0.533932
0.4782, 0.533597
0.4785, 0.533262
0.4788, 0.532928
0.4791, 0.532594
0.4794, 0.532261
0.4797, 0.531928
0.48, 0.530902
0.4803, 0.53057
0.4806, 0.530239
0.4809, 0.529909
0.4812, 0.529578
0.4815, 0.529248
0.4818, 0.528919
0.4821, 0.52859
0.4824, 0.528261
0.4827, 0.527932
0.483, 0.525242
0.4833, 0.524916
0.4836, 0.524591
0.4839, 0.524265
0.4842, 0.523941
0.4845, 0.523616
0.4848, 0.523292
0.4851, 0.522968
0.4854, 0.522645
0.4857, 0.522322
0.486, 0.503039
0.4863, 0.502729
0.4866, 0.502419
0.4869, 0.502109
0.4872, 0.5018
0.4875, 0.501491
0.4878, 0.501183
0.4881, 0.500875
0.4884, 0.500567
0.4887, 0.50026
0.489, 0.529389
0.4893, 0.529064
0.4896, 0.52874
0.4899, 0.528416
0.4902, 0.528093
0.4905, 0.52777
0.4908, 0.527447
0.4911, 0.527125
0.4914, 0.526803
0.4917, 0.526482
0.492, 0.498984
0.4923, 0.49868
0.4926, 0.498376
0.4929, 0.498073
0.4932, 0.49777
0.4935, 0.497467
0.4938, 0.497165
0.4941, 0.496863
0.4944, 0.496561
0.4947, 0.49626
0.495, 0.49596
0.4953, 0.484268
0.4956, 0.483975
0.4959, 0.483682
0.4962, 0.48339
0.4965, 0.483098
0.4968, 0.482806
0.4971, 0.482515
0.4974, 0.482224
0.4977, 0.481933
0.498, 0.481643
0.4983, 0.481353
0.4986, 0.500191
0.4989, 0.49989
0.4992, 0.499589
0.4995, 0.499289
0.4998, 0.49899
0.5001, 0.49869
0.5004, 0.498391
0.5007, 0.498093
0.501, 0.497794
0.5013, 0.497497
0.5016, 0.497199
0.5019, 0.492648
0.5022, 0.492354
0.5025, 0.49206
0.5028, 0.491766
0.5031, 0.491473
0.5034, 0.49118
0.5037, 0.490887
0.504, 0.490595
0.5043, 0.490303
0.5046, 0.490012
0.5049, 0.489721
0.5052, 0.493935
0.5055, 0.493642
0.5058, 0.493349
0.5061, 0.493057
0.5064, 0.492765
0.5067, 0.492473
0.507, 0.492181
0.5073, 0.49189
0.5076, 0.4916
0.5079, 0.491309
0.5082, 0.491019
0.5085, 0.473113
0.5088, 0.472834
0.5091, 0.472555
0.5094, 0.472277
0.5097, 0.471999
0.51, 0.471722
0.5103, 0.471444
0.5106, 0.471167
0.5109, 0.470891
0.5112, 0.470614
0.5115, 0.470338
0.5118, 0.470063
0.5121, 0.47291
0.5124, 0.472633
0.5127, 0.472356
0.513, 0.47208
0.5133, 0.471804
0.5136, 0.471528
0.5139, 0.471253
0.5142, 0.470978
0.5145, 0.470704
0.5148, 0.470429
0.5151, 0.470155
0.5154, 0.493925
0.5157, 0.493638
0.516, 0.493351
0.5163, 0.493064
0.5166, 0.492778
0.5169, 0.492492
0.5172, 0.492206
0.5175, 0.491921
0.5178, 0.491636
0.5181, 0.491351
0.5184, 0.491067
0.5187, 0.498878
0.519, 0.49859
0.5193, 0.498302
0.5196, 0.498014
0.5199, 0.497726
0.5202, 0.497439
0.5205, 0.497153
0.5208, 0.496866
0.5211, 0.49658
0.5214, 0.496295
0.5217, 0.496009
0.522, 0.495724
0.5223, 0.47557
0.5226, 0.475297
0.5229, 0.475024
0.5232, 0.474752
0.5235, 0.474479
0.5238, 0.474208
0.5241, 0.473936
0.5244, 0.473665
0.5247, 0.473394
0.525, 0.473124
0.5253, 0.472854
0.5256, 0.480135
0.5259, 0.479861
0.5262, 0.479588
0.5265, 0.479314
0.5268, 0.479041
0.5271, 0.478769
0.5274, 0.478496
0.5277, 0.478224
0.528, 0.477953
0.5283, 0.477681
0.5286, 0.47741
0.5289, 0.477139
0.5292, 0.481754
0.5295, 0.481481
0.5298, 0.481208
0.5301, 0.480936
0.5304, 0.480664
0.5307, 0.480392
0.531, 0.480121
0.5313, 0.479849
0.5316, 0.479579
0.5319, 0.479308
0.5322, 0.479038
0.5325, 0.466377
0.5328, 0.466115
0.5331, 0.465853
0.5334, 0.465591
0.5337, 0.465329
0.534, 0.465067
0.5343, 0.464806
0.5346, 0.464545
0.5349, 0.464285
0.5352, 0.464025
0.5355, 0.463765
0.5358, 0.484253
0.5361, 0.483982
0.5364, 0.483712
0.5367, 0.483441
0.537, 0.483171
0.5373, 0.482902
0.5376, 0.482632
0.5379, 0.482363
0.5382, 0.482094
0.5385, 0.481825
0.5388, 0.481557
0.5391, 0.458091
0.5394, 0.457836
0.5397, 0.457582
0.54, 0.457328
0.5403, 0.457074
0.5406, 0.45682
0.5409, 0.456567
0.5412, 0.456314
0.5415, 0.456061
0.5418, 0.455808
0.5421, 0.455556
0.5424, 0.463606
0.5427, 0.46335
0.543, 0.463094
0.5433, 0.462838
0.5436, 0.462583
0.5439, 0.462328
0.5442, 0.462073
0.5445, 0.461818
0.5448, 0.461564
0.5451, 0.46131
0.5454, 0.461056
0.5457, 0.441525
0.546, 0.441282
0.5463, 0.44104
0.5466, 0.440798
0.5469, 0.440556
0.5472, 0.440314
0.5475, 0.440073
0.5478, 0.439832
0.5481, 0.439591
0.5484, 0.439351
0.5487, 0.439111
0.549, 0.438871
0.5493, 0.45748
0.5496, 0.457231
0.5499, 0.456981
0.5502, 0.456732
0.5505, 0.456483
0.5508, 0.456235
0.5511, 0.455986
0.5514, 0.455738
0.5517, 0.45549
0.552, 0.455243
0.5523, 0.454995
0.5526, 0.443708
0.5529, 0.443467
0.5532, 0.443227
0.5535, 0.442986
0.5538, 0.442746
0.5541, 0.442507
0.5544, 0.442267
0.5547, 0.442028
0.555, 0.441789
0.5553, 0.441551
0.5556, 0.441312
0.5559, 0.423731
0.5562, 0.423502
0.5565, 0.423274
0.5568, 0.423046
0.5571, 0.422818
0.5574, 0.422591
0.5577, 0.422363
0.558, 0.422136
0.5583, 0.421909
0.5586, 0.421683
0.5589, 0.421456
0.5592, 0.42123
0.5595, 0.451004
0.5598, 0.450763
0.5601, 0.450521
0.5604, 0.45028
0.5607, 0.450039
0.561, 0.449799
0.5613, 0.449558
0.5616, 0.449318
0.5619, 0.449078
0.5622, 0.448838
0.5625, 0.448599
0.5628, 0.438168
0.5631, 0.437935
0.5634, 0.437701
0.5637, 0.437469
0.564, 0.437236
0.5643, 0.437003
0.5646, 0.436771
0.5649, 0.436539
0.5652, 0.436308
0.5655, 0.436076
0.5658, 0.435845
0.5661, 0.435614
0.5664, 0.427624
0.5667, 0.427397
0.567, 0.427171
0.5673, 0.426945
0.5676, 0.42672
0.5679, 0.426494
0.5682, 0.426269
0.5685, 0.426044
0.5688, 0.425819
0.5691, 0.425595
0.5694, 0.425371
0.5697, 0.405206
0.57, 0.404993
0.5703, 0.40478
0.5706, 0.404567
0.5709, 0.404355
0.5712, 0.404142
0.5715, 0.40393
0.5718, 0.403718
0.5721, 0.403506
0.5724, 0.403295
0.5727, 0.403084
0.573, 0.402873
0.5733, 0.431033
0.5736, 0.430807
0.5739, 0.430582
0.5742, 0.430357
0.5745, 0.430132
0.5748, 0.429908
0.5751, 0.429684
0.5754, 0.42946
0.5757, 0.429236
0.576, 0.429012
0.5763, 0.428789
0.5766, 0.442347
0.5769, 0.442116
0.5772, 0.441887
0.5775, 0.441657
0.5778, 0.441428
0.5781, 0.441199
0.5784, 0.44097
0.5787, 0.440741
0.579, 0.440513
0.5793, 0.440285
0.5796, 0.440057
0.5799, 0.439829
0.5802, 0.446777
0.5805, 0.446546
0.5808, 0.446315
0.5811, 0.446085
0.5814, 0.445855
0.5817, 0.445625
0.582, 0.445395
0.5823, 0.445166
0.5826, 0.444936
0.5829, 0.444707
0.5832, 0.444479
0.5835, 0.426564
0.5838, 0.426345
0.5841, 0.426126
0.5844, 0.425907
0.5847, 0.425688
0.585, 0.42547
0.5853, 0.425252
0.5856, 0.425034
0.5859, 0.424817
0.5862, 0.424599
0.5865, 0.424382
0.5868, 0.424165
0.5871, 0.42746
0.5874, 0.427242
0.5877, 0.427024
0.588, 0.426806
0.5883, 0.426588
0.5886, 0.426371
0.5889, 0.426154
0.5892, 0.425937
0.5895, 0.42572
0.5898, 0.425504
0.5901, 0.425287
0.5904, 0.425071
0.5907, 0.41399
0.591, 0.41378
0.5913, 0.41357
0.5916, 0.41336
0.5919, 0.413151
0.5922, 0.412942
0.5925, 0.412732
0.5928, 0.412524
0.5931, 0.412315
0.5934, 0.412107
0.5937, 0.411898
0.594, 0.414355
0.5943, 0.414146
0.5946, 0.413937
0.5949, 0.413728
0.5952, 0.41352
0.5955, 0.413312
0.5958, 0.413103
0.5961, 0.412895
0.5964, 0.412688
0.5967, 0.41248
0.597, 0.412273
0.5973, 0.412066
0.5976, 0.402711
0.5979, 0.402509
0.5982, 0.402307
0.5985, 0.402105
0.5988, 0.401904
0.5991, 0.401703
0.5994, 0.401502
0.5997, 0.401301
0.6, 0.4011
0.6003, 0.4009
0.6006, 0.400699
0.6009, 0.400499
0.6012, 0.428669
0.6015, 0.428456
0.6018, 0.428242
0.6021, 0.428029
0.6024, 0.427815
0.6027, 0.427602
0.603, 0.42739
0.6033, 0.427177
0.6036, 0.426965
0.6039, 0.426753
0.6042, 0.426541
0.6045, 0.388468
0.6048, 0.388275
0.6051, 0.388083
0.6054, 0.387891
0.6057, 0.387699
0.606, 0.387507
0.6063, 0.387315
0.6066, 0.387123
0.6069, 0.386932
0.6072, 0.386741
0.6075, 0.38655
0.6078, 0.410635
0.6081, 0.410432
0.6084, 0.41023
0.6087, 0.410028
0.609, 0.409826
0.6093, 0.409624
0.6096, 0.409423
0.6099, 0.409221
0.6102, 0.40902
0.6105, 0.408819
0.6108, 0.408618
0.6111, 0.408418
0.6114, 0.393479
0.6117, 0.393286
0.612, 0.393093
0.6123, 0.392901
0.6126, 0.392708
0.6129, 0.392516
0.6132, 0.392324
0.6135, 0.392132
0.6138, 0.39194
0.6141, 0.391749
0.6144, 0.391558
0.6147, 0.395175
0.615, 0.394982
0.6153, 0.39479
0.6156, 0.394597
0.6159, 0.394405
0.6162, 0.394213
0.6165, 0.394021
0.6168, 0.393829
0.6171, 0.393638
0.6174, 0.393447
0.6177, 0.393256
0.618, 0.393065
0.6183, 0.399892
0.6186, 0.399698
0.6189, 0.399504
0.6192, 0.39931
0.6195, 0.399117
0.6198, 0.398924
0.6201, 0.398731
0.6204, 0.398538
0.6207, 0.398345
0.621, 0.398153
0.6213, 0.397961
0.6216, 0.397769
0.6219, 0.402012
0.6222, 0.401818
0.6225, 0.401624
0.6228, 0.401431
0.6231, 0.401237
0.6234, 0.401044
0.6237, 0.400851
0.624, 0.400659
0.6243, 0.400466
0.6246, 0.400274
0.6249, 0.400082
0.6252, 0.39989
0.6255, 0.400633
0.6258, 0.400441
0.6261, 0.400249
0.6264, 0.400057
0.6267, 0.399866
0.627, 0.399675
0.6273, 0.399484
0.6276, 0.399293
0.6279, 0.399102
0.6282, 0.398911
0.6285, 0.398721
0.6288, 0.401013
0.6291, 0.400822
0.6294, 0.400631
0.6297, 0.40044
0.63, 0.400249
0.6303, 0.400059
0.6306, 0.399868
0.6309, 0.399678
0.6312, 0.399488
0.6315, 0.399298
0.6318, 0.399109
0.6321, 0.398919
0.6324, 0.378688
0.6327, 0.378508
0.633, 0.378329
0.6333, 0.378149
0.6336, 0.37797
0.6339, 0.377791
0.6342, 0.377613
0.6345, 0.377434
0.6348, 0.377256
0.6351, 0.377078
0.6354, 0.3769
0.6357, 0.376722
0.636, 0.382447
0.6363, 0.382266
0.6366, 0.382086
0.6369, 0.381906
0.6372, 0.381726
0.6375, 0.381547
0.6378, 0.381367
0.6381, 0.381188
0.6384, 0.381009
0.6387, 0.38083
0.639, 0.380651
0.6393, 0.380472
0.6396, 0.378732
0.6399, 0.378554
0.6402, 0.378377
0.6405, 0.3782
0.6408, 0.378023
0.6411, 0.377846
0.6414, 0.377669
0.6417, 0.377493
0.642, 0.377316
0.6423, 0.37714
0.6426, 0.376964
0.6429, 0.376788
0.6432, 0.378405
0.6435, 0.378228
0.6438, 0.378052
0.6441, 0.377876
0.6444, 0.3777
0.6447, 0.377524
0.645, 0.377349
0.6453, 0.377173
0.6456, 0.376998
0.6459, 0.376823
0.6462, 0.376648
0.6465, 0.376473
0.6468, 0.37575
0.6471, 0.375576
0.6474, 0.375402
0.6477, 0.375228
0.648, 0.375054
0.6483, 0.37488
0.6486, 0.374707
0.6489, 0.374534
0.6492, 0.374361
0.6495, 0.374188
0.6498, 0.374015
0.6501, 0.396041
0.6504, 0.395858
0.6507, 0.395675
0.651, 0.395493
0.6513, 0.395311
0.6516, 0.395129
0.6519, 0.394947
0.6522, 0.394765
0.6525, 0.394584
0.6528, 0.394403
0.6531, 0.394221
0.6534, 0.39404
0.6537, 0.378134
0.654, 0.37796
0.6543, 0.377787
0.6546, 0.377614
0.6549, 0.377441
0.6552, 0.377268
0.6555, 0.377095
0.6558, 0.376923
0.6561, 0.37675
0.6564, 0.376578
0.6567, 0.376406
0.657, 0.396855
0.6573, 0.396674
0.6576, 0.396493
0.6579, 0.396313
0.6582, 0.396132
0.6585, 0.395951
0.6588, 0.395771
0.6591, 0.395591
0.6594, 0.395411
0.6597, 0.395231
0.66, 0.370129
0.6603, 0.369961
0.6606, 0.369793
0.6609, 0.369625
0.6612, 0.369457
0.6615, 0.369289
0.6618, 0.369122
0.6621, 0.368955
0.6624, 0.368788
0.6627, 0.368621
0.663, 0.368454
0.6633, 0.368287
0.6636, 0.381445
0.6639, 0.381273
0.6642, 0.381101
0.6645, 0.380929
0.6648, 0.380757
0.6651, 0.380585
0.6654, 0.380413
0.6657, 0.380242
0.666, 0.380071
0.6663, 0.379899
0.6666, 0.379728
0.6669, 0.37155
0.6672, 0.371383
0.6675, 0.371216
0.6678, 0.37105
0.6681, 0.370883
0.6684, 0.370717
0.6687, 0.37055
0.669, 0.370384
0.6693, 0.370218
0.6696, 0.370052
0.6699, 0.369887
0.6702, 0.379596
0.6705, 0.379426
0.6708, 0.379256
0.6711, 0.379087
0.6714, 0.378917
0.6717, 0.378748
0.672, 0.378579
0.6723, 0.37841
0.6726, 0.378241
0.6729, 0.378073
0.6732, 0.377904
0.6735, 0.377736
0.6738, 0.374264
0.6741, 0.374097
0.6744, 0.373931
0.6747, 0.373765
0.675, 0.373599
0.6753, 0.373433
0.6756, 0.373267
0.6759, 0.373101
0.6762, 0.372936
0.6765, 0.37277
0.6768, 0.372605
0.6771, 0.37685
0.6774, 0.376683
0.6777, 0.376516
0.678, 0.37635
0.6783, 0.376183
0.6786, 0.376017
0.6789, 0.375851
0.6792, 0.375685
0.6795, 0.375519
0.6798, 0.375353
0.6801, 0.375187
0.6804, 0.375022
0.6807, 0.368947
0.681, 0.368784
0.6813, 0.368622
0.6816, 0.36846
0.6819, 0.368297
0.6822, 0.368135
0.6825, 0.367974
0.6828, 0.367812
0.6831, 0.36765
0.6834, 0.367489
0.6837, 0.367328
0.684, 0.351114
0.6843, 0.35096
0.6846, 0.350806
0.6849, 0.350653
0.6852, 0.350499
0.6855, 0.350346
0.6858, 0.350192
0.6861, 0.350039
0.6864, 0.349886
0.6867, 0.349734
0.687, 0.349581
0.6873, 0.349428
0.6876, 0.346652
0.6879, 0.346501
0.6882, 0.34635
0.6885, 0.346199
0.6888, 0.346048
0.6891, 0.345898
0.6894, 0.345747
0.6897, 0.345597
0.69, 0.345446
0.6903, 0.345296
0.6906, 0.345146
0.6909, 0.344996
0.6912, 0.33079
0.6915, 0.330646
0.6918, 0.330503
0.6921, 0.33036
0.6924, 0.330217
0.6927, 0.330074
0.693, 0.329931
0.6933, 0.329788
0.6936, 0.329645
0.6939, 0.329503
0.6942, 0.32936
0.6945, 0.34831
0.6948, 0.348159
0.6951, 0.348009
0.6954, 0.347859
0.6957, 0.347709
0.696, 0.347559
0.6963, 0.347409
0.6966, 0.34726
0.6969, 0.34711
0.6972, 0.346961
0.6975, 0.346811
0.6978, 0.346662
0.6981, 0.346129
0.6984, 0.345981
0.6987, 0.345832
0.699, 0.345684
0.6993, 0.345536
0.6996, 0.345387
0.6999, 0.345239
0.7002, 0.345091
0.7005, 0.344944
0.7008, 0.344796
0.7011, 0.344648
0.7014, 0.351242
0.7017, 0.351092
0.702, 0.350942
0.7023, 0.350792
0.7026, 0.350642
0.7029, 0.350492
0.7032, 0.350343
0.7035, 0.350193
0.7038, 0.350044
0.7041, 0.349895
0.7044, 0.349746
0.7047, 0.349597
0.705, 0.360691
0.7053, 0.360537
0.7056, 0.360384
0.7059, 0.360231
0.7062, 0.360078
0.7065, 0.359925
0.7068, 0.359772
0.7071, 0.35962
0.7074, 0.359467
0.7077, 0.359315
0.708, 0.359162
0.7083, 0.35901
0.7086, 0.359819
0.7089, 0.359667
0.7092, 0.359515
0.7095, 0.359363
0.7098, 0.359211
0.7101, 0.359059
0.7104, 0.358908
0.7107, 0.358756
0.711, 0.358605
0.7113, 0.358454
0.7116, 0.358302
0.7119, 0.358151
0.7122, 0.350757
0.7125, 0.350609
0.7128, 0.350462
0.7131, 0.350314
0.7134, 0.350167
0.7137, 0.35002
0.714, 0.349873
0.7143, 0.349726
0.7146, 0.349579
0.7149, 0.349432
0.7152, 0.349286
0.7155, 0.349139
0.7158, 0.359283
0.7161, 0.359133
0.7164, 0.358982
0.7167, 0.358832
0.717, 0.358682
0.7173, 0.358532
0.7176, 0.358382
0.7179, 0.358232
0.7182, 0.358083
0.7185, 0.357933
0.7188, 0.357784
0.7191, 0.349599
0.7194, 0.349454
0.7197, 0.349308
0.72, 0.349163
0.7203, 0.349017
0.7206, 0.348872
0.7209, 0.348727
0.7212, 0.348582
0.7215, 0.348437
0.7218, 0.348292
0.7221, 0.348147
0.7224, 0.35494
0.7227, 0.354793
0.723, 0.354646
0.7233, 0.354499
0.7236, 0.354352
0.7239, 0.354205
0.7242, 0.354058
0.7245, 0.353912
0.7248, 0.353765
0.7251, 0.353619
0.7254, 0.353473
0.7257, 0.348386
0.726, 0.348242
0.7263, 0.348099
0.7266, 0.347955
0.7269, 0.347811
0.7272, 0.347668
0.7275, 0.347524
0.7278, 0.347381
0.7281, 0.347238
0.7284, 0.347095
0.7287, 0.346952
0.729, 0.346809
0.7293, 0.333687
0.7296, 0.33355
0.7299, 0.333413
0.7302, 0.333276
0.7305, 0.333139
0.7308, 0.333002
0.7311, 0.332866
0.7314, 0.332729
0.7317, 0.332593
0.732, 0.332456
0.7323, 0.33232
0.7326, 0.332184
0.7329, 0.324979
0.7332, 0.324846
0.7335, 0.324713
0.7338, 0.32458
0.7341, 0.324448
0.7344, 0.324315
0.7347, 0.324183
0.735, 0.32405
0.7353, 0.323918
0.7356, 0.323786
0.7359, 0.323654
0.7362, 0.33674
0.7365, 0.336603
0.7368, 0.336466
0.7371, 0.336329
0.7374, 0.336192
0.7377, 0.336055
0.738, 0.335919
0.7383, 0.335782
0.7386, 0.335646
0.7389, 0.33551
0.7392, 0.335373
0.7395, 0.331926
0.7398, 0.331791
0.7401, 0.331657
0.7404, 0.331522
0.7407, 0.331388
0.741, 0.331254
0.7413, 0.33112
0.7416, 0.330986
0.7419, 0.330852
0.7422, 0.330718
0.7425, 0.330585
0.7428, 0.327908
0.7431, 0.327776
0.7434, 0.327643
0.7437, 0.327511
0.744, 0.327379
0.7443, 0.327247
0.7446, 0.327115
0.7449, 0.326983
0.7452, 0.326852
0.7455, 0.32672
0.7458, 0.326589
0.7461, 0.344924
0.7464, 0.344786
0.7467, 0.344647
0.747, 0.344509
0.7473, 0.34437
0.7476, 0.344232
0.7479, 0.344094
0.7482, 0.343956
0.7485, 0.343818
0.7488, 0.343681
0.7491, 0.343543
0.7494, 0.312525
0.7497, 0.3124
0.75, 0.312275
0.7503, 0.31215
0.7506, 0.312025
0.7509, 0.3119
0.7512, 0.311776
0.7515, 0.311651
0.7518, 0.311527
0.7521, 0.311403
0.7524, 0.32386
0.7527, 0.323731
0.753, 0.323602
0.7533, 0.323473
0.7536, 0.323344
0.7539, 0.323215
0.7542, 0.323087
0.7545, 0.322958
0.7548, 0.32283
0.7551, 0.322702
0.7554, 0.337419
0.7557, 0.337285
0.756, 0.337151
0.7563, 0.337017
0.7566, 0.336883
0.7569, 0.33675
0.7572, 0.336616
0.7575, 0.336483
0.7578, 0.33635
0.7581, 0.336217
0.7584, 0.336084
0.7587, 0.335951
0.759, 0.331423
0.7593, 0.331292
0.7596, 0.331161
0.7599, 0.33103
0.7602, 0.3309
0.7605, 0.330769
0.7608, 0.330639
0.7611, 0.330508
0.7614, 0.330378
0.7617, 0.330248
0.762, 0.330118
0.7623, 0.327734
0.7626, 0.327606
0.7629, 0.327477
0.7632, 0.327348
0.7635, 0.327219
0.7638, 0.327091
0.7641, 0.326962
0.7644, 0.326834
0.7647, 0.326706
0.765, 0.326578
0.7653, 0.32645
0.7656, 0.326322
0.7659, 0.330304
0.7662, 0.330175
0.7665, 0.330046
0.7668, 0.329917
0.7671, 0.329788
0.7674, 0.329659
0.7677, 0.32953
0.768, 0.329401
0.7683, 0.329272
0.7686, 0.329144
0.7689, 0.329015
0.7692, 0.302274
0.7695, 0.302156
0.7698, 0.302038
0.7701, 0.301921
0.7704, 0.301803
0.7707, 0.301685
0.771, 0.301568
0.7713, 0.301451
0.7716, 0.301334
0.7719, 0.301216
0.7722, 0.301099
0.7725, 0.300983
0.7728, 0.317596
0.7731, 0.317473
0.7734, 0.317349
0.7737, 0.317226
0.774, 0.317103
0.7743, 0.31698
0.7746, 0.316858
0.7749, 0.316735
0.7752, 0.316612
0.7755, 0.31649
0.7758, 0.316368
0.7761, 0.308873
0.7764, 0.308753
0.7767, 0.308634
0.777, 0.308515
0.7773, 0.308396
0.7776, 0.308277
0.7779, 0.308158
0.7782, 0.308039
0.7785, 0.30792
0.7788, 0.307802
0.7791, 0.307683
0.7794, 0.327249
0.7797, 0.327123
0.78, 0.326997
0.7803, 0.326872
0.7806, 0.326746
0.7809, 0.326621
0.7812, 0.326495
0.7815, 0.32637
0.7818, 0.326245
0.7821, 0.326119
0.7824, 0.3153
0.7827, 0.31518
0.783, 0.315059
0.7833, 0.314938
0.7836, 0.314818
0.7839, 0.314697
0.7842, 0.314577
0.7845, 0.314456
0.7848, 0.314336
0.7851, 0.314216
0.7854, 0.331571
0.7857, 0.331445
0.786, 0.331318
0.7863, 0.331192
0.7866, 0.331065
0.7869, 0.330939
0.7872, 0.330813
0.7875, 0.330687
0.7878, 0.330561
0.7881, 0.330435
0.7884, 0.317302
0.7887, 0.317181
0.789, 0.317061
0.7893, 0.31694
0.7896, 0.31682
0.7899, 0.3167
0.7902, 0.316579
0.7905, 0.316459
0.7908, 0.316339
0.7911, 0.316219
0.7914, 0.316099
0.7917, 0.308595
0.792, 0.308479
0.7923, 0.308362
0.7926, 0.308245
0.7929, 0.308128
0.7932, 0.308012
0.7935, 0.307895
0.7938, 0.307779
0.7941, 0.307663
0.7944, 0.307547
0.7947, 0.30743
0.795, 0.316054
0.7953, 0.315935
0.7956, 0.315816
0.7959, 0.315697
0.7962, 0.315578
0.7965, 0.315459
0.7968, 0.31534
0.7971, 0.315221
0.7974, 0.315103
0.7977, 0.314984
0.798, 0.292794
0.7983, 0.292684
0.7986, 0.292575
0.7989, 0.292465
0.7992, 0.292355
0.7995, 0.292245
0.7998, 0.292136
0.8001, 0.292026
0.8004, 0.291917
0.8007, 0.291807
0.801, 0.291698
0.8013, 0.309888
0.8016, 0.309772
0.8019, 0.309656
0.8022, 0.30954
0.8025, 0.309424
0.8028, 0.309309
0.8031, 0.309193
0.8034, 0.309078
0.8037, 0.308962
0.804, 0.308847
0.8043, 0.308732
0.8046, 0.3184
0.8049, 0.318282
0.8052, 0.318163
0.8055, 0.318045
0.8058, 0.317926
0.8061, 0.317808
0.8064, 0.31769
0.8067, 0.317572
0.807, 0.317454
0.8073, 0.317336
0.8076, 0.2964
0.8079, 0.29629
0.8082, 0.29618
0.8085, 0.296071
0.8088, 0.295961
0.8091, 0.295851
0.8094, 0.295741
0.8097, 0.295632
0.81, 0.295522
0.8103, 0.295413
0.8106, 0.306356
0.8109, 0.306242
0.8112, 0.306129
0.8115, 0.306016
0.8118, 0.305903
0.8121, 0.30579
0.8124, 0.305677
0.8127, 0.305564
0.813, 0.305451
0.8133, 0.305339
0.8136, 0.305226
0.8139, 0.298449
0.8142, 0.298339
0.8145, 0.29823
0.8148, 0.29812
0.8151, 0.29801
0.8154, 0.2979
0.8157, 0.297791
0.816, 0.297681
0.8163, 0.297572
0.8166, 0.297463
0.8169, 0.297353
0.8172, 0.314076
0.8175, 0.313961
0.8178, 0.313846
0.8181, 0.313731
0.8184, 0.313616
0.8187, 0.313501
0.819, 0.313386
0.8193, 0.313271
0.8196, 0.313156
0.8199, 0.313042
0.8202, 0.312927
0.8205, 0.309365
0.8208, 0.309252
0.8211, 0.309139
0.8214, 0.309026
0.8217, 0.308913
0.822, 0.3088
0.8223, 0.308688
0.8226, 0.308575
0.8229, 0.308463
0.8232, 0.30835
0.8235, 0.308238
0.8238, 0.302924
0.8241, 0.302814
0.8244, 0.302704
0.8247, 0.302594
0.825, 0.302484
0.8253, 0.302374
0.8256, 0.302264
0.8259, 0.302154
0.8262, 0.302044
0.8265, 0.301935
0.8268, 0.301825
0.8271, 0.301716
0.8274, 0.290823
0.8277, 0.290718
0.828, 0.290612
0.8283, 0.290507
0.8286, 0.290402
0.8289, 0.290297
0.8292, 0.290192
0.8295, 0.290087
0.8298, 0.289982
0.8301, 0.289877
0.8304, 0.289772
0.8307, 0.281838
0.831, 0.281736
0.8313, 0.281635
0.8316, 0.281533
0.8319, 0.281432
0.8322, 0.28133
0.8325, 0.281229
0.8328, 0.281128
0.8331, 0.281026
0.8334, 0.280925
0.8337, 0.280824
0.834, 0.295734
0.8343, 0.295627
0.8346, 0.295521
0.8349, 0.295415
0.8352, 0.295309
0.8355, 0.295203
0.8358, 0.295097
0.8361, 0.294991
0.8364, 0.294885
0.8367, 0.294779
0.837, 0.30089
0.8373, 0.300782
0.8376, 0.300675
0.8379, 0.300567
0.8382, 0.300459
0.8385, 0.300352
0.8388, 0.300244
0.8391, 0.300137
0.8394, 0.30003
0.8397, 0.299923
0.84, 0.299815
0.8403, 0.283202
0.8406, 0.283101
0.8409, 0.283
0.8412, 0.282899
0.8415, 0.282799
0.8418, 0.282698
0.8421, 0.282597
0.8424, 0.282496
0.8427, 0.282396
0.843, 0.282295
0.8433, 0.282195
0.8436, 0.282095
0.8439, 0.304358
0.8442, 0.30425
0.8445, 0.304142
0.8448, 0.304034
0.8451, 0.303926
0.8454, 0.303818
0.8457, 0.303711
0.846, 0.303603
0.8463, 0.303495
0.8466, 0.303388
0.8469, 0.30328
0.8472, 0.294215
0.8475, 0.294111
0.8478, 0.294007
0.8481, 0.293903
0.8484, 0.293799
0.8487, 0.293695
0.849, 0.293591
0.8493, 0.293488
0.8496, 0.293384
0.8499, 0.29328
0.8502, 0.293177
0.8505, 0.293073
0.8508, 0.281858
0.8511, 0.281759
0.8514, 0.28166
0.8517, 0.28156
0.852, 0.281461
0.8523, 0.281362
0.8526, 0.281263
0.8529, 0.281164
0.8532, 0.281065
0.8535, 0.280967
0.8538, 0.280868
0.8541, 0.29295
0.8544, 0.292848
0.8547, 0.292745
0.855, 0.292642
0.8553, 0.292539
0.8556, 0.292437
0.8559, 0.292334
0.8562, 0.292232
0.8565, 0.29213
0.8568, 0.292027
0.8571, 0.291925
0.8574, 0.296583
0.8577, 0.296479
0.858, 0.296375
0.8583, 0.296272
0.8586, 0.296168
0.8589, 0.296065
0.8592, 0.295961
0.8595, 0.295858
0.8598, 0.295755
0.8601, 0.295652
0.8604, 0.295549
0.8607, 0.295446
0.861, 0.288889
0.8613, 0.288788
0.8616, 0.288687
0.8619, 0.288587
0.8622, 0.288486
0.8625, 0.288386
0.8628, 0.288286
0.8631, 0.288186
0.8634, 0.288085
0.8637, 0.287985
0.864, 0.296712
0.8643, 0.296609
0.8646, 0.296506
0.8649, 0.296403
0.8652, 0.2963
0.8655, 0.296198
0.8658, 0.296095
0.8661, 0.295992
0.8664, 0.29589
0.8667, 0.295787
0.867, 0.295685
0.8673, 0.303642
0.8676, 0.303537
0.8679, 0.303432
0.8682, 0.303328
0.8685, 0.303223
0.8688, 0.303118
0.8691, 0.303013
0.8694, 0.302909
0.8697, 0.302804
0.87, 0.3027
0.8703, 0.302596
0.8706, 0.302491
0.8709, 0.272275
0.8712, 0.272181
0.8715, 0.272087
0.8718, 0.271994
0.8721, 0.2719
0.8724, 0.271807
0.8727, 0.271713
0.873, 0.27162
0.8733, 0.271526
0.8736, 0.271433
0.8739, 0.27134
0.8742, 0.280486
0.8745, 0.28039
0.8748, 0.280294
0.8751, 0.280198
0.8754, 0.280102
0.8757, 0.280006
0.876, 0.27991
0.8763, 0.279814
0.8766, 0.279718
0.8769, 0.279623
0.8772, 0.279527
0.8775, 0.279431
0.8778, 0.288401
0.8781, 0.288302
0.8784, 0.288204
0.8787, 0.288105
0.879, 0.288007
0.8793, 0.287909
0.8796, 0.28781
0.8799, 0.287712
0.8802, 0.287614
0.8805, 0.287516
0.8808, 0.287418
0.8811, 0.28732
0.8814, 0.282708
0.8817, 0.282612
0.882, 0.282516
0.8823, 0.28242
0.8826, 0.282324
0.8829, 0.282228
0.8832, 0.282132
0.8835, 0.282036
0.8838, 0.28194
0.8841, 0.281845
0.8844, 0.281749
0.8847, 0.277899
0.885, 0.277805
0.8853, 0.27771
0.8856, 0.277616
0.8859, 0.277522
0.8862, 0.277428
0.8865, 0.277334
0.8868, 0.277241
0.8871, 0.277147
0.8874, 0.277053
0.8877, 0.26945
0.888, 0.269359
0.8883, 0.269268
0.8886, 0.269177
0.8889, 0.269087
0.8892, 0.268996
0.8895, 0.268905
0.8898, 0.268814
0.8901, 0.268724
0.8904, 0.268633
0.8907, 0.268543
0.891, 0.284057
0.8913, 0.283962
0.8916, 0.283866
0.8919, 0.283771
0.8922, 0.283675
0.8925, 0.28358
0.8928, 0.283485
0.8931, 0.283389
0.8934, 0.283294
0.8937, 0.283199
0.894, 0.283104
0.8943, 0.283009
0.8946, 0.286233
0.8949, 0.286137
0.8952, 0.286041
0.8955, 0.285945
0.8958, 0.28585
0.8961, 0.285754
0.8964, 0.285658
0.8967, 0.285563
0.897, 0.285467
0.8973, 0.285372
0.8976, 0.285276
0.8979, 0.280031
0.8982, 0.279938
0.8985, 0.279844
0.8988, 0.279751
0.8991, 0.279657
0.8994, 0.279564
0.8997, 0.279471
0.9, 0.279378
0.9003, 0.279285
0.9006, 0.279192
0.9009, 0.279099
0.9012, 0.279006
0.9015, 0.284179
0.9018, 0.284084
0.9021, 0.28399
0.9024, 0.283895
0.9027, 0.283801
0.903, 0.283707
0.9033, 0.283612
0.9036, 0.283518
0.9039, 0.283424
0.9042, 0.28333
0.9045, 0.283236
0.9048, 0.270158
0.9051, 0.270069
0.9054, 0.269979
0.9057, 0.26989
0.906, 0.2698
0.9063, 0.269711
0.9066, 0.269622
0.9069, 0.269532
0.9072, 0.269443
0.9075, 0.269354
0.9078, 0.269265
0.9081, 0.246922
0.9084, 0.246841
0.9087, 0.246759
0.909, 0.246678
0.9093, 0.246596
0.9096, 0.246515
0.9099, 0.246434
0.9102, 0.246352
0.9105, 0.246271
0.9108, 0.24619
0.9111, 0.262801
0.9114, 0.262715
0.9117, 0.262628
0.912, 0.262542
0.9123, 0.262455
0.9126, 0.262369
0.9129, 0.262283
0.9132, 0.262197
0.9135, 0.262111
0.9138, 0.262025
0.9141, 0.261939
0.9144, 0.261853
0.9147, 0.272862
0.915, 0.272773
0.9153, 0.272683
0.9156, 0.272594
0.9159, 0.272505
0.9162, 0.272415
0.9165, 0.272326
0.9168, 0.272237
0.9171, 0.272148
0.9174, 0.272059
0.9177, 0.27197
0.918, 0.272452
0.9183, 0.272363
0.9186, 0.272274
0.9189, 0.272185
0.9192, 0.272096
0.9195, 0.272008
0.9198, 0.271919
0.9201, 0.27183
0.9204, 0.271742
0.9207, 0.271653
0.921, 0.271565
0.9213, 0.268886
0.9216, 0.268799
0.9219, 0.268711
0.9222, 0.268624
0.9225, 0.268537
0.9228, 0.268449
0.9231, 0.268362
0.9234, 0.268275
0.9237, 0.268188
0.924, 0.268101
0.9243, 0.268014
0.9246, 0.267927
0.9249, 0.268022
0.9252, 0.267936
0.9255, 0.267849
0.9258, 0.267762
0.9261, 0.267675
0.9264, 0.267589
0.9267, 0.267502
0.927, 0.267415
0.9273, 0.267329
0.9276, 0.267242
0.9279, 0.260745
0.9282, 0.26066
0.9285, 0.260576
0.9288, 0.260492
0.9291, 0.260408
0.9294, 0.260324
0.9297, 0.26024
0.93, 0.260156
0.9303, 0.260072
0.9306, 0.259988
0.9309, 0.259904
0.9312, 0.25927
0.9315, 0.259186
0.9318, 0.259103
0.9321, 0.259019
0.9324, 0.258936
0.9327, 0.258853
0.933, 0.25877
0.9333, 0.258686
0.9336, 0.258603
0.9339, 0.25852
0.9342, 0.258437
0.9345, 0.264659
0.9348, 0.264574
0.9351, 0.264489
0.9354, 0.264405
0.9357, 0.26432
0.936, 0.264235
0.9363, 0.26415
0.9366, 0.264066
0.9369, 0.263981
0.9372, 0.263897
0.9375, 0.263812
0.9378, 0.263728
0.9381, 0.268236
0.9384, 0.26815
0.9387, 0.268064
0.939, 0.267979
0.9393, 0.267893
0.9396, 0.267808
0.9399, 0.267722
0.9402, 0.267637
0.9405, 0.267551
0.9408, 0.267466
0.9411, 0.267381
0.9414, 0.254904
0.9417, 0.254823
0.942, 0.254742
0.9423, 0.254661
0.9426, 0.25458
0.9429, 0.254499
0.9432, 0.254418
0.9435, 0.254337
0.9438, 0.254256
0.9441, 0.254175
0.9444, 0.254095
0.9447, 0.254014
0.945, 0.267989
0.9453, 0.267904
0.9456, 0.267819
0.9459, 0.267734
0.9462, 0.26765
0.9465, 0.267565
0.9468, 0.26748
0.9471, 0.267395
0.9474, 0.267311
0.9477, 0.267226
0.948, 0.267141
0.9483, 0.260034
0.9486, 0.259952
0.9489, 0.259869
0.9492, 0.259787
0.9495, 0.259705
0.9498, 0.259623
0.9501, 0.259541
0.9504, 0.259459
0.9507, 0.259377
0.951, 0.259295
0.9513, 0.259214
0.9516, 0.25137
0.9519, 0.251291
0.9522, 0.251212
0.9525, 0.251133
0.9528, 0.251054
0.9531, 0.250975
0.9534, 0.250896
0.9537, 0.250817
0.954, 0.250738
0.9543, 0.250659
0.9546, 0.25058
0.9549, 0.26556
0.9552, 0.265476
0.9555, 0.265393
0.9558, 0.26531
0.9561, 0.265226
0.9564, 0.265143
0.9567, 0.26506
0.957, 0.264977
0.9573, 0.264894
0.9576, 0.264811
0.9579, 0.264728
0.9582, 0.257449
0.9585, 0.257369
0.9588, 0.257288
0.9591, 0.257208
0.9594, 0.257127
0.9597, 0.257047
0.96, 0.256967
0.9603, 0.256886
0.9606, 0.256806
0.9609, 0.256726
0.9612, 0.256646
0.9615, 0.264904
0.9618, 0.264821
0.9621, 0.264739
0.9624, 0.264656
0.9627, 0.264574
0.963, 0.264491
0.9633, 0.264409
0.9636, 0.264326
0.9639, 0.264244
0.9642, 0.264162
0.9645, 0.26408
0.9648, 0.263998
0.9651, 0.253906
0.9654, 0.253827
0.9657, 0.253749
0.966, 0.25367
0.9663, 0.253591
0.9666, 0.253512
0.9669, 0.253434
0.9672, 0.253355
0.9675, 0.253276
0.9678, 0.253198
0.9681, 0.25312
0.9684, 0.258879
0.9687, 0.258798
0.969, 0.258718
0.9693, 0.258638
0.9696, 0.258558
0.9699, 0.258478
0.9702, 0.258398
0.9705, 0.258318
0.9708, 0.258239
0.9711, 0.258159
0.9714, 0.258079
0.9717, 0.257999
0.972, 0.257906
0.9723, 0.257827
0.9726, 0.257747
0.9729, 0.257668
0.9732, 0.257588
0.9735, 0.257509
0.9738, 0.25743
0.9741, 0.25735
0.9744, 0.257271
0.9747, 0.257192
0.975, 0.25837
0.9753, 0.258291
0.9756, 0.258211
0.9759, 0.258132
0.9762, 0.258053
0.9765, 0.257973
0.9768, 0.257894
0.9771, 0.257815
0.9774, 0.257736
0.9777, 0.257657
0.978, 0.263925
0.9783, 0.263844
0.9786, 0.263764
0.9789, 0.263683
0.9792, 0.263602
0.9795, 0.263521
0.9798, 0.26344
0.9801, 0.26336
0.9804, 0.263279
0.9807, 0.263199
0.981, 0.263118
0.9813, 0.252077
0.9816, 0.252
0.9819, 0.251923
0.9822, 0.251846
0.9825, 0.251769
0.9828, 0.251692
0.9831, 0.251615
0.9834, 0.251539
0.9837, 0.251462
0.984, 0.251385
0.9843, 0.251309
0.9846, 0.259535
0.9849, 0.259456
0.9852, 0.259377
0.9855, 0.259298
0.9858, 0.259219
0.9861, 0.25914
0.9864, 0.259061
0.9867, 0.258982
0.987, 0.258904
0.9873, 0.258825
0.9876, 0.258746
0.9879, 0.258668
0.9882, 0.251508
0.9885, 0.251431
0.9888, 0.251355
0.9891, 0.251279
0.9894, 0.251203
0.9897, 0.251127
0.99, 0.251051
0.9903, 0.250974
0.9906, 0.250898
0.9909, 0.250822
0.9912, 0.250747
0.9915, 0.25119
0.9918, 0.251114
0.9921, 0.251038
0.9924, 0.250962
0.9927, 0.250886
0.993, 0.250811
0.9933, 0.250735
0.9936, 0.250659
0.9939, 0.250584
0.9942, 0.250508
0.9945, 0.250432
0.9948, 0.250357
0.9951, 0.245597
0.9954, 0.245523
0.9957, 0.245449
0.996, 0.245376
0.9963, 0.245302
0.9966, 0.245228
0.9969, 0.245154
0.9972, 0.24508
0.9975, 0.245007
0.9978, 0.244933
0.9981, 0.244859
0.9984, 0.240334
0.9987, 0.240261
0.999, 0.240189
0.9993, 0.240117
0.9996, 0.240045
0.9999, 0.239973
